{"validationall": {"precision": [0.26948599, 0.19371211, 0.15479991, 0.12952401, 0.11191219, 0.06826285, 0.0396535, 0.02222372, 0.0183328, 0.01561032, 0.01361445, 0.01209244, 0.01088673, 0.00994655], "recall": [0.26948599, 0.38742423, 0.46439973, 0.51809606, 0.55956096, 0.6826285, 0.79307005, 0.88894867, 0.91663976, 0.93661896, 0.95301123, 0.96739481, 0.97980559, 0.99465548], "ndcg": [0.26948599, 0.34389673, 0.38238448, 0.40551023, 0.42155105, 0.46148428, 0.48948509, 0.5091797, 0.51418488, 0.51762323, 0.5203337, 0.52263287, 0.52456275, 0.52681066], "hit_ratio": [0.26948599, 0.38742423, 0.46439973, 0.51809606, 0.55956096, 0.6826285, 0.79307005, 0.88894867, 0.91663976, 0.93661896, 0.95301123, 0.96739481, 0.97980559, 0.99465548], "auc": 0.8692175113885117, "mrr": 0.4053182438660619}, "testall": {"precision": [0.26636536, 0.19331755, 0.15342492, 0.12781126, 0.11035546, 0.06724416, 0.03892715, 0.02175204, 0.01796478, 0.01532695, 0.01337925, 0.01190816, 0.01073927, 0.00988881], "recall": [0.26636536, 0.3866351, 0.46027476, 0.51124502, 0.55177732, 0.67244162, 0.77854299, 0.87008142, 0.89823882, 0.91961692, 0.93654722, 0.95265253, 0.96653395, 0.98888052], "ndcg": [0.26636536, 0.34224712, 0.37906695, 0.40101865, 0.41669868, 0.45580232, 0.48268402, 0.50150668, 0.50659799, 0.51027784, 0.51307387, 0.51564791, 0.51780536, 0.52118645], "hit_ratio": [0.26636536, 0.3866351, 0.46027476, 0.51124502, 0.55177732, 0.67244162, 0.77854299, 0.87008142, 0.89823882, 0.91961692, 0.93654722, 0.95265253, 0.96653395, 0.98888052], "auc": 0.8545442806413481, "mrr": 0.40076365001095104}, "validationshort": {"precision": [0.27711144, 0.19756788, 0.15769893, 0.13166333, 0.11316009, 0.06914876, 0.03996335, 0.02237839, 0.01843911, 0.01566439, 0.01365389, 0.01211373, 0.01090843, 0.00995669], "recall": [0.27711144, 0.39513577, 0.47309678, 0.52665334, 0.56580043, 0.69148759, 0.79926703, 0.89513577, 0.92195569, 0.9398634, 0.95577211, 0.96909878, 0.98175912, 0.99566883], "ndcg": [0.27711144, 0.3515765, 0.39055701, 0.41362256, 0.42876673, 0.46957666, 0.49691647, 0.5165638, 0.52141379, 0.5244972, 0.52712921, 0.52925817, 0.53122806, 0.53333491], "hit_ratio": [0.27711144, 0.39513577, 0.47309678, 0.52665334, 0.56580043, 0.69148759, 0.79926703, 0.89513577, 0.92195569, 0.9398634, 0.95577211, 0.96909878, 0.98175912, 0.99566883], "auc": 0.8737131434282371, "mrr": 0.41290076332723535}, "testshort": {"precision": [0.27577878, 0.1989422, 0.1576434, 0.13114276, 0.11264368, 0.06834083, 0.03925954, 0.0219307, 0.01809762, 0.01539369, 0.01343971, 0.01194715, 0.01075481, 0.00990005], "recall": [0.27577878, 0.39788439, 0.4729302, 0.52457105, 0.56321839, 0.6834083, 0.78519074, 0.87722805, 0.90488089, 0.92362152, 0.94077961, 0.95577211, 0.9679327, 0.990005], "ndcg": [0.27577878, 0.35281884, 0.39034175, 0.41258225, 0.42753308, 0.46649269, 0.49227073, 0.5111784, 0.51618477, 0.51941049, 0.52224463, 0.52464335, 0.52653299, 0.52987277], "hit_ratio": [0.27577878, 0.39788439, 0.4729302, 0.52457105, 0.56321839, 0.6834083, 0.78519074, 0.87722805, 0.90488089, 0.92362152, 0.94077961, 0.95577211, 0.9679327, 0.990005], "auc": 0.8602157254705546, "mrr": 0.4109012953713115}, "validationshort7": {"precision": [0.27004014, 0.19377205, 0.15503656, 0.1296071, 0.11202206, 0.06842233, 0.03967887, 0.02223979, 0.01835786, 0.01562192, 0.01362538, 0.01210518, 0.01089576, 0.00994932], "recall": [0.27004014, 0.38754409, 0.46510968, 0.51842842, 0.56011029, 0.68422333, 0.79357742, 0.8895917, 0.9178932, 0.93731501, 0.95377691, 0.96841422, 0.98061874, 0.99493168], "ndcg": [0.27004014, 0.34417688, 0.38295967, 0.4059228, 0.42204755, 0.46230518, 0.49005135, 0.50977196, 0.51488698, 0.51822899, 0.52095109, 0.52329053, 0.5251885, 0.52735557], "hit_ratio": [0.27004014, 0.38754409, 0.46510968, 0.51842842, 0.56011029, 0.68422333, 0.79357742, 0.8895917, 0.9178932, 0.93731501, 0.95377691, 0.96841422, 0.98061874, 0.99493168], "auc": 0.8700253416048243, "mrr": 0.40586919632077895}, "testshort7": {"precision": [0.26951304, 0.19448161, 0.1541986, 0.12844139, 0.11078133, 0.0674776, 0.03901593, 0.02180088, 0.01799538, 0.01534688, 0.01339079, 0.01192323, 0.0107525, 0.00989742], "recall": [0.26951304, 0.38896322, 0.46259579, 0.51376556, 0.55390666, 0.67477598, 0.7803187, 0.87203503, 0.89976888, 0.92081255, 0.93735555, 0.95385801, 0.96772493, 0.98974172], "ndcg": [0.26951304, 0.34487771, 0.381694, 0.40373162, 0.41926032, 0.45842228, 0.48517514, 0.50403947, 0.5090553, 0.51267841, 0.51541038, 0.5180482, 0.52020342, 0.52353458], "hit_ratio": [0.26951304, 0.38896322, 0.46259579, 0.51376556, 0.55390666, 0.67477598, 0.7803187, 0.87203503, 0.89976888, 0.92081255, 0.93735555, 0.95385801, 0.96772493, 0.98974172], "auc": 0.8561509143250886, "mrr": 0.4034438333673698}, "validationshort37": {"precision": [0.26333254, 0.19017145, 0.15251113, 0.12765663, 0.11094256, 0.06773327, 0.03940902, 0.02210832, 0.01828079, 0.01558163, 0.01359835, 0.01209706, 0.01088374, 0.00994232], "recall": [0.26333254, 0.38034289, 0.45753338, 0.51062653, 0.55471281, 0.6773327, 0.78818045, 0.88433278, 0.91403966, 0.93489769, 0.95188433, 0.96776487, 0.97953702, 0.99423244], "ndcg": [0.26333254, 0.33715785, 0.3757531, 0.39861907, 0.41567397, 0.4554077, 0.48353932, 0.50332946, 0.50869588, 0.51228318, 0.51509075, 0.51762982, 0.51945958, 0.52168378], "hit_ratio": [0.26333254, 0.38034289, 0.45753338, 0.51062653, 0.55471281, 0.6773327, 0.78818045, 0.88433278, 0.91403966, 0.93489769, 0.95188433, 0.96776487, 0.97953702, 0.99423244], "auc": 0.8665272181401084, "mrr": 0.399199290855053}, "testshort37": {"precision": [0.26356957, 0.19025045, 0.15093097, 0.12587896, 0.10901477, 0.06665877, 0.03878486, 0.02167773, 0.0178984, 0.01530247, 0.01334439, 0.01190053, 0.01075031, 0.00989492], "recall": [0.26356957, 0.38050091, 0.45279292, 0.50351584, 0.54507387, 0.66658766, 0.77569724, 0.86710911, 0.89491981, 0.91814806, 0.93410761, 0.95204235, 0.96752785, 0.98949198], "ndcg": [0.26356957, 0.33734503, 0.37349104, 0.39533621, 0.41141305, 0.45076697, 0.47844451, 0.49726772, 0.50229252, 0.50629258, 0.50892764, 0.51179226, 0.5141994, 0.51752239], "hit_ratio": [0.26356957, 0.38050091, 0.45279292, 0.50351584, 0.54507387, 0.66658766, 0.77569724, 0.86710911, 0.89491981, 0.91814806, 0.93410761, 0.95204235, 0.96752785, 0.98949198], "auc": 0.8522951726317011, "mrr": 0.39636993838281726}, "validationmedium3": {"precision": [0.26377574, 0.19087177, 0.15265037, 0.12799089, 0.11102701, 0.06761178, 0.03942524, 0.02211335, 0.01826159, 0.01557295, 0.01358834, 0.01207903, 0.01087448, 0.00994227], "recall": [0.26377574, 0.38174354, 0.45795112, 0.51196356, 0.55513503, 0.67611778, 0.78850471, 0.88453397, 0.91307974, 0.9343768, 0.95118353, 0.96632241, 0.97870293, 0.9942267], "ndcg": [0.26377574, 0.33820513, 0.37630892, 0.39957082, 0.41627182, 0.45550194, 0.48399412, 0.50375345, 0.50891124, 0.51257508, 0.51535286, 0.51777359, 0.51969783, 0.52204682], "hit_ratio": [0.26377574, 0.38174354, 0.45795112, 0.51196356, 0.55513503, 0.67611778, 0.78850471, 0.88453397, 0.91307974, 0.9343768, 0.95118353, 0.96632241, 0.97870293, 0.9942267], "auc": 0.8660815318493216, "mrr": 0.3997080489700963}, "testmedium3": {"precision": [0.25986272, 0.18917185, 0.15021276, 0.12520046, 0.10842261, 0.06634807, 0.03863943, 0.021613, 0.01786003, 0.01527466, 0.01333449, 0.01187937, 0.01072908, 0.00988261], "recall": [0.25986272, 0.3783437, 0.45063827, 0.50080185, 0.54211303, 0.66348066, 0.7727885, 0.86451985, 0.89300148, 0.91647957, 0.93341459, 0.95034961, 0.96561678, 0.98826095], "ndcg": [0.25986272, 0.3346159, 0.37076318, 0.39236746, 0.40834881, 0.44768037, 0.4753805, 0.49425072, 0.49939608, 0.50343714, 0.50623362, 0.50893841, 0.51131134, 0.51473724], "hit_ratio": [0.25986272, 0.3783437, 0.45063827, 0.50080185, 0.54211303, 0.66348066, 0.7727885, 0.86451985, 0.89300148, 0.91647957, 0.93341459, 0.95034961, 0.96561678, 0.98826095], "auc": 0.8500275835524513, "mrr": 0.3932834725256393},